,State,Active_Cases
0,Maharashtra,91623
1,Karnataka,23298
2,Andhra Pradesh,7840
3,Tamil Nadu,10997
4,Kerala,62025
5,Delhi,32885
6,Uttar Pradesh,24099
7,West Bengal,24298
8,Odisha,4921
9,Telengana,9627
10,Rajasthan,28653
11,Chattisgarh,19635
12,Bihar,5359
13,Haryana,18362
14,Assam,3399
15,Gujarat,14970
16,Madhya Pradesh,14771
17,Punjab,7842
18,Jammu & Kashmir,4965
19,Jharkhand,2016
20,Uttarakhand,5059
21,Goa,1335
22,Himachal Pradesh,8289
23,Puducherry,460
24,Tripura,592
25,Manipur,3198
26,Arunachal Pradesh,817
27,Meghalaya,763
28,Nagaland,928
29,Ladakh,809
30,Sikkim,248
31,Andaman & Nicobar,99
32,Mizoram,343
33,Dadra and Nagar Haveli and Daman and Diu,16
